SliceLocation,SliceThickness,SpacingBetweenSlices,ImagePositionPatient,InstanceNumber,PixelSpacing
-17.9407653809,2.0,1.0,"[-130, -125.9024353, -17.9407654]",95,"[0.5078, 0.5078]"
-17.9407653809,2.0,1.0,"[-130, -125.9024353, -17.9407654]",95,"[0.5078, 0.5078]"
17.0592346191,2.0,1.0,"[-130, -125.9024353, 17.0592346]",130,"[0.5078, 0.5078]"
17.0592346191,2.0,1.0,"[-130, -125.9024353, 17.0592346]",130,"[0.5078, 0.5078]"
64.0592346191,2.0,1.0,"[-130, -125.9024353, 64.0592346]",177,"[0.5078, 0.5078]"
64.0592346191,2.0,1.0,"[-130, -125.9024353, 64.0592346]",177,"[0.5078, 0.5078]"
-19.9407653809,2.0,1.0,"[-130, -125.9024353, -19.9407654]",93,"[0.5078, 0.5078]"
-19.9407653809,2.0,1.0,"[-130, -125.9024353, -19.9407654]",93,"[0.5078, 0.5078]"
-99.9407653809,2.0,1.0,"[-130, -125.9024353, -99.9407654]",13,"[0.5078, 0.5078]"
-99.9407653809,2.0,1.0,"[-130, -125.9024353, -99.9407654]",13,"[0.5078, 0.5078]"
-14.9407653809,2.0,1.0,"[-130, -125.9024353, -14.9407654]",98,"[0.5078, 0.5078]"
-14.9407653809,2.0,1.0,"[-130, -125.9024353, -14.9407654]",98,"[0.5078, 0.5078]"
10.0592346191,2.0,1.0,"[-130, -125.9024353, 10.0592346]",123,"[0.5078, 0.5078]"
10.0592346191,2.0,1.0,"[-130, -125.9024353, 10.0592346]",123,"[0.5078, 0.5078]"
19.0592346191,2.0,1.0,"[-130, -125.9024353, 19.0592346]",132,"[0.5078, 0.5078]"
19.0592346191,2.0,1.0,"[-130, -125.9024353, 19.0592346]",132,"[0.5078, 0.5078]"
16.0592346191,2.0,1.0,"[-130, -125.9024353, 16.0592346]",129,"[0.5078, 0.5078]"
16.0592346191,2.0,1.0,"[-130, -125.9024353, 16.0592346]",129,"[0.5078, 0.5078]"
46.0592346191,2.0,1.0,"[-130, -125.9024353, 46.0592346]",159,"[0.5078, 0.5078]"
46.0592346191,2.0,1.0,"[-130, -125.9024353, 46.0592346]",159,"[0.5078, 0.5078]"
-78.9407653809,2.0,1.0,"[-130, -125.9024353, -78.9407654]",34,"[0.5078, 0.5078]"
-78.9407653809,2.0,1.0,"[-130, -125.9024353, -78.9407654]",34,"[0.5078, 0.5078]"
-100.9407653809,2.0,1.0,"[-130, -125.9024353, -100.940765]",12,"[0.5078, 0.5078]"
-100.9407653809,2.0,1.0,"[-130, -125.9024353, -100.940765]",12,"[0.5078, 0.5078]"
-54.9407653809,2.0,1.0,"[-130, -125.9024353, -54.9407654]",58,"[0.5078, 0.5078]"
-54.9407653809,2.0,1.0,"[-130, -125.9024353, -54.9407654]",58,"[0.5078, 0.5078]"
-57.9407653809,2.0,1.0,"[-130, -125.9024353, -57.9407654]",55,"[0.5078, 0.5078]"
-57.9407653809,2.0,1.0,"[-130, -125.9024353, -57.9407654]",55,"[0.5078, 0.5078]"
74.0592346191,2.0,1.0,"[-130, -125.9024353, 74.0592346]",187,"[0.5078, 0.5078]"
74.0592346191,2.0,1.0,"[-130, -125.9024353, 74.0592346]",187,"[0.5078, 0.5078]"
47.0592346191,2.0,1.0,"[-130, -125.9024353, 47.0592346]",160,"[0.5078, 0.5078]"
47.0592346191,2.0,1.0,"[-130, -125.9024353, 47.0592346]",160,"[0.5078, 0.5078]"
-107.9407653809,2.0,1.0,"[-130, -125.9024353, -107.940765]",5,"[0.5078, 0.5078]"
-107.9407653809,2.0,1.0,"[-130, -125.9024353, -107.940765]",5,"[0.5078, 0.5078]"
-93.9407653809,2.0,1.0,"[-130, -125.9024353, -93.9407654]",19,"[0.5078, 0.5078]"
-93.9407653809,2.0,1.0,"[-130, -125.9024353, -93.9407654]",19,"[0.5078, 0.5078]"
57.0592346191,2.0,1.0,"[-130, -125.9024353, 57.0592346]",170,"[0.5078, 0.5078]"
57.0592346191,2.0,1.0,"[-130, -125.9024353, 57.0592346]",170,"[0.5078, 0.5078]"
44.0592346191,2.0,1.0,"[-130, -125.9024353, 44.0592346]",157,"[0.5078, 0.5078]"
44.0592346191,2.0,1.0,"[-130, -125.9024353, 44.0592346]",157,"[0.5078, 0.5078]"
72.0592346191,2.0,1.0,"[-130, -125.9024353, 72.0592346]",185,"[0.5078, 0.5078]"
72.0592346191,2.0,1.0,"[-130, -125.9024353, 72.0592346]",185,"[0.5078, 0.5078]"
42.0592346191,2.0,1.0,"[-130, -125.9024353, 42.0592346]",155,"[0.5078, 0.5078]"
42.0592346191,2.0,1.0,"[-130, -125.9024353, 42.0592346]",155,"[0.5078, 0.5078]"
-46.9407653809,2.0,1.0,"[-130, -125.9024353, -46.9407654]",66,"[0.5078, 0.5078]"
-46.9407653809,2.0,1.0,"[-130, -125.9024353, -46.9407654]",66,"[0.5078, 0.5078]"
-75.9407653809,2.0,1.0,"[-130, -125.9024353, -75.9407654]",37,"[0.5078, 0.5078]"
-75.9407653809,2.0,1.0,"[-130, -125.9024353, -75.9407654]",37,"[0.5078, 0.5078]"
-39.9407653809,2.0,1.0,"[-130, -125.9024353, -39.9407654]",73,"[0.5078, 0.5078]"
-39.9407653809,2.0,1.0,"[-130, -125.9024353, -39.9407654]",73,"[0.5078, 0.5078]"
-83.9407653809,2.0,1.0,"[-130, -125.9024353, -83.9407654]",29,"[0.5078, 0.5078]"
-83.9407653809,2.0,1.0,"[-130, -125.9024353, -83.9407654]",29,"[0.5078, 0.5078]"
-96.9407653809,2.0,1.0,"[-130, -125.9024353, -96.9407654]",16,"[0.5078, 0.5078]"
-96.9407653809,2.0,1.0,"[-130, -125.9024353, -96.9407654]",16,"[0.5078, 0.5078]"
-94.9407653809,2.0,1.0,"[-130, -125.9024353, -94.9407654]",18,"[0.5078, 0.5078]"
-94.9407653809,2.0,1.0,"[-130, -125.9024353, -94.9407654]",18,"[0.5078, 0.5078]"
26.0592346191,2.0,1.0,"[-130, -125.9024353, 26.0592346]",139,"[0.5078, 0.5078]"
26.0592346191,2.0,1.0,"[-130, -125.9024353, 26.0592346]",139,"[0.5078, 0.5078]"
94.0592346191,2.0,1.0,"[-130, -125.9024353, 94.0592346]",207,"[0.5078, 0.5078]"
94.0592346191,2.0,1.0,"[-130, -125.9024353, 94.0592346]",207,"[0.5078, 0.5078]"
3.0592346191,2.0,1.0,"[-130, -125.9024353, 3.05923462]",116,"[0.5078, 0.5078]"
3.0592346191,2.0,1.0,"[-130, -125.9024353, 3.05923462]",116,"[0.5078, 0.5078]"
-72.9407653809,2.0,1.0,"[-130, -125.9024353, -72.9407654]",40,"[0.5078, 0.5078]"
-72.9407653809,2.0,1.0,"[-130, -125.9024353, -72.9407654]",40,"[0.5078, 0.5078]"
52.0592346191,2.0,1.0,"[-130, -125.9024353, 52.0592346]",165,"[0.5078, 0.5078]"
52.0592346191,2.0,1.0,"[-130, -125.9024353, 52.0592346]",165,"[0.5078, 0.5078]"
-27.9407653809,2.0,1.0,"[-130, -125.9024353, -27.9407654]",85,"[0.5078, 0.5078]"
-27.9407653809,2.0,1.0,"[-130, -125.9024353, -27.9407654]",85,"[0.5078, 0.5078]"
-47.9407653809,2.0,1.0,"[-130, -125.9024353, -47.9407654]",65,"[0.5078, 0.5078]"
-47.9407653809,2.0,1.0,"[-130, -125.9024353, -47.9407654]",65,"[0.5078, 0.5078]"
85.0592346191,2.0,1.0,"[-130, -125.9024353, 85.0592346]",198,"[0.5078, 0.5078]"
85.0592346191,2.0,1.0,"[-130, -125.9024353, 85.0592346]",198,"[0.5078, 0.5078]"
-58.9407653809,2.0,1.0,"[-130, -125.9024353, -58.9407654]",54,"[0.5078, 0.5078]"
-58.9407653809,2.0,1.0,"[-130, -125.9024353, -58.9407654]",54,"[0.5078, 0.5078]"
50.0592346191,2.0,1.0,"[-130, -125.9024353, 50.0592346]",163,"[0.5078, 0.5078]"
50.0592346191,2.0,1.0,"[-130, -125.9024353, 50.0592346]",163,"[0.5078, 0.5078]"
-102.9407653809,2.0,1.0,"[-130, -125.9024353, -102.940765]",10,"[0.5078, 0.5078]"
-102.9407653809,2.0,1.0,"[-130, -125.9024353, -102.940765]",10,"[0.5078, 0.5078]"
61.0592346191,2.0,1.0,"[-130, -125.9024353, 61.0592346]",174,"[0.5078, 0.5078]"
61.0592346191,2.0,1.0,"[-130, -125.9024353, 61.0592346]",174,"[0.5078, 0.5078]"
24.0592346191,2.0,1.0,"[-130, -125.9024353, 24.0592346]",137,"[0.5078, 0.5078]"
24.0592346191,2.0,1.0,"[-130, -125.9024353, 24.0592346]",137,"[0.5078, 0.5078]"
58.0592346191,2.0,1.0,"[-130, -125.9024353, 58.0592346]",171,"[0.5078, 0.5078]"
58.0592346191,2.0,1.0,"[-130, -125.9024353, 58.0592346]",171,"[0.5078, 0.5078]"
34.0592346191,2.0,1.0,"[-130, -125.9024353, 34.0592346]",147,"[0.5078, 0.5078]"
34.0592346191,2.0,1.0,"[-130, -125.9024353, 34.0592346]",147,"[0.5078, 0.5078]"
-95.9407653809,2.0,1.0,"[-130, -125.9024353, -95.9407654]",17,"[0.5078, 0.5078]"
-95.9407653809,2.0,1.0,"[-130, -125.9024353, -95.9407654]",17,"[0.5078, 0.5078]"
98.0592346191,2.0,1.0,"[-130, -125.9024353, 98.0592346]",211,"[0.5078, 0.5078]"
98.0592346191,2.0,1.0,"[-130, -125.9024353, 98.0592346]",211,"[0.5078, 0.5078]"
-71.9407653809,2.0,1.0,"[-130, -125.9024353, -71.9407654]",41,"[0.5078, 0.5078]"
-71.9407653809,2.0,1.0,"[-130, -125.9024353, -71.9407654]",41,"[0.5078, 0.5078]"
-55.9407653809,2.0,1.0,"[-130, -125.9024353, -55.9407654]",57,"[0.5078, 0.5078]"
-55.9407653809,2.0,1.0,"[-130, -125.9024353, -55.9407654]",57,"[0.5078, 0.5078]"
55.0592346191,2.0,1.0,"[-130, -125.9024353, 55.0592346]",168,"[0.5078, 0.5078]"
55.0592346191,2.0,1.0,"[-130, -125.9024353, 55.0592346]",168,"[0.5078, 0.5078]"
23.0592346191,2.0,1.0,"[-130, -125.9024353, 23.0592346]",136,"[0.5078, 0.5078]"
23.0592346191,2.0,1.0,"[-130, -125.9024353, 23.0592346]",136,"[0.5078, 0.5078]"
48.0592346191,2.0,1.0,"[-130, -125.9024353, 48.0592346]",161,"[0.5078, 0.5078]"
48.0592346191,2.0,1.0,"[-130, -125.9024353, 48.0592346]",161,"[0.5078, 0.5078]"
29.0592346191,2.0,1.0,"[-130, -125.9024353, 29.0592346]",142,"[0.5078, 0.5078]"
29.0592346191,2.0,1.0,"[-130, -125.9024353, 29.0592346]",142,"[0.5078, 0.5078]"
-76.9407653809,2.0,1.0,"[-130, -125.9024353, -76.9407654]",36,"[0.5078, 0.5078]"
-76.9407653809,2.0,1.0,"[-130, -125.9024353, -76.9407654]",36,"[0.5078, 0.5078]"
60.0592346191,2.0,1.0,"[-130, -125.9024353, 60.0592346]",173,"[0.5078, 0.5078]"
60.0592346191,2.0,1.0,"[-130, -125.9024353, 60.0592346]",173,"[0.5078, 0.5078]"
-48.9407653809,2.0,1.0,"[-130, -125.9024353, -48.9407654]",64,"[0.5078, 0.5078]"
-48.9407653809,2.0,1.0,"[-130, -125.9024353, -48.9407654]",64,"[0.5078, 0.5078]"
87.0592346191,2.0,1.0,"[-130, -125.9024353, 87.0592346]",200,"[0.5078, 0.5078]"
87.0592346191,2.0,1.0,"[-130, -125.9024353, 87.0592346]",200,"[0.5078, 0.5078]"
22.0592346191,2.0,1.0,"[-130, -125.9024353, 22.0592346]",135,"[0.5078, 0.5078]"
22.0592346191,2.0,1.0,"[-130, -125.9024353, 22.0592346]",135,"[0.5078, 0.5078]"
-38.9407653809,2.0,1.0,"[-130, -125.9024353, -38.9407654]",74,"[0.5078, 0.5078]"
-38.9407653809,2.0,1.0,"[-130, -125.9024353, -38.9407654]",74,"[0.5078, 0.5078]"
-84.9407653809,2.0,1.0,"[-130, -125.9024353, -84.9407654]",28,"[0.5078, 0.5078]"
-84.9407653809,2.0,1.0,"[-130, -125.9024353, -84.9407654]",28,"[0.5078, 0.5078]"
1.0592346191,2.0,1.0,"[-130, -125.9024353, 1.05923462]",114,"[0.5078, 0.5078]"
1.0592346191,2.0,1.0,"[-130, -125.9024353, 1.05923462]",114,"[0.5078, 0.5078]"
-6.9407653809,2.0,1.0,"[-130, -125.9024353, -6.94076538]",106,"[0.5078, 0.5078]"
-6.9407653809,2.0,1.0,"[-130, -125.9024353, -6.94076538]",106,"[0.5078, 0.5078]"
-53.9407653809,2.0,1.0,"[-130, -125.9024353, -53.9407654]",59,"[0.5078, 0.5078]"
-53.9407653809,2.0,1.0,"[-130, -125.9024353, -53.9407654]",59,"[0.5078, 0.5078]"
86.0592346191,2.0,1.0,"[-130, -125.9024353, 86.0592346]",199,"[0.5078, 0.5078]"
86.0592346191,2.0,1.0,"[-130, -125.9024353, 86.0592346]",199,"[0.5078, 0.5078]"
-73.9407653809,2.0,1.0,"[-130, -125.9024353, -73.9407654]",39,"[0.5078, 0.5078]"
-73.9407653809,2.0,1.0,"[-130, -125.9024353, -73.9407654]",39,"[0.5078, 0.5078]"
-74.9407653809,2.0,1.0,"[-130, -125.9024353, -74.9407654]",38,"[0.5078, 0.5078]"
-74.9407653809,2.0,1.0,"[-130, -125.9024353, -74.9407654]",38,"[0.5078, 0.5078]"
78.0592346191,2.0,1.0,"[-130, -125.9024353, 78.0592346]",191,"[0.5078, 0.5078]"
78.0592346191,2.0,1.0,"[-130, -125.9024353, 78.0592346]",191,"[0.5078, 0.5078]"
39.0592346191,2.0,1.0,"[-130, -125.9024353, 39.0592346]",152,"[0.5078, 0.5078]"
39.0592346191,2.0,1.0,"[-130, -125.9024353, 39.0592346]",152,"[0.5078, 0.5078]"
-31.9407653809,2.0,1.0,"[-130, -125.9024353, -31.9407654]",81,"[0.5078, 0.5078]"
-31.9407653809,2.0,1.0,"[-130, -125.9024353, -31.9407654]",81,"[0.5078, 0.5078]"
63.0592346191,2.0,1.0,"[-130, -125.9024353, 63.0592346]",176,"[0.5078, 0.5078]"
63.0592346191,2.0,1.0,"[-130, -125.9024353, 63.0592346]",176,"[0.5078, 0.5078]"
4.0592346191,2.0,1.0,"[-130, -125.9024353, 4.05923462]",117,"[0.5078, 0.5078]"
4.0592346191,2.0,1.0,"[-130, -125.9024353, 4.05923462]",117,"[0.5078, 0.5078]"
-97.9407653809,2.0,1.0,"[-130, -125.9024353, -97.9407654]",15,"[0.5078, 0.5078]"
-97.9407653809,2.0,1.0,"[-130, -125.9024353, -97.9407654]",15,"[0.5078, 0.5078]"
-50.9407653809,2.0,1.0,"[-130, -125.9024353, -50.9407654]",62,"[0.5078, 0.5078]"
-50.9407653809,2.0,1.0,"[-130, -125.9024353, -50.9407654]",62,"[0.5078, 0.5078]"
67.0592346191,2.0,1.0,"[-130, -125.9024353, 67.0592346]",180,"[0.5078, 0.5078]"
67.0592346191,2.0,1.0,"[-130, -125.9024353, 67.0592346]",180,"[0.5078, 0.5078]"
-30.9407653809,2.0,1.0,"[-130, -125.9024353, -30.9407654]",82,"[0.5078, 0.5078]"
-30.9407653809,2.0,1.0,"[-130, -125.9024353, -30.9407654]",82,"[0.5078, 0.5078]"
36.0592346191,2.0,1.0,"[-130, -125.9024353, 36.0592346]",149,"[0.5078, 0.5078]"
36.0592346191,2.0,1.0,"[-130, -125.9024353, 36.0592346]",149,"[0.5078, 0.5078]"
-103.9407653809,2.0,1.0,"[-130, -125.9024353, -103.940765]",9,"[0.5078, 0.5078]"
-103.9407653809,2.0,1.0,"[-130, -125.9024353, -103.940765]",9,"[0.5078, 0.5078]"
-80.9407653809,2.0,1.0,"[-130, -125.9024353, -80.9407654]",32,"[0.5078, 0.5078]"
-80.9407653809,2.0,1.0,"[-130, -125.9024353, -80.9407654]",32,"[0.5078, 0.5078]"
-79.9407653809,2.0,1.0,"[-130, -125.9024353, -79.9407654]",33,"[0.5078, 0.5078]"
-79.9407653809,2.0,1.0,"[-130, -125.9024353, -79.9407654]",33,"[0.5078, 0.5078]"
59.0592346191,2.0,1.0,"[-130, -125.9024353, 59.0592346]",172,"[0.5078, 0.5078]"
59.0592346191,2.0,1.0,"[-130, -125.9024353, 59.0592346]",172,"[0.5078, 0.5078]"
-60.9407653809,2.0,1.0,"[-130, -125.9024353, -60.9407654]",52,"[0.5078, 0.5078]"
-60.9407653809,2.0,1.0,"[-130, -125.9024353, -60.9407654]",52,"[0.5078, 0.5078]"
5.0592346191,2.0,1.0,"[-130, -125.9024353, 5.05923462]",118,"[0.5078, 0.5078]"
5.0592346191,2.0,1.0,"[-130, -125.9024353, 5.05923462]",118,"[0.5078, 0.5078]"
84.0592346191,2.0,1.0,"[-130, -125.9024353, 84.0592346]",197,"[0.5078, 0.5078]"
84.0592346191,2.0,1.0,"[-130, -125.9024353, 84.0592346]",197,"[0.5078, 0.5078]"
-11.9407653809,2.0,1.0,"[-130, -125.9024353, -11.9407654]",101,"[0.5078, 0.5078]"
-11.9407653809,2.0,1.0,"[-130, -125.9024353, -11.9407654]",101,"[0.5078, 0.5078]"
-88.9407653809,2.0,1.0,"[-130, -125.9024353, -88.9407654]",24,"[0.5078, 0.5078]"
-88.9407653809,2.0,1.0,"[-130, -125.9024353, -88.9407654]",24,"[0.5078, 0.5078]"
-5.9407653809,2.0,1.0,"[-130, -125.9024353, -5.94076538]",107,"[0.5078, 0.5078]"
-5.9407653809,2.0,1.0,"[-130, -125.9024353, -5.94076538]",107,"[0.5078, 0.5078]"
69.0592346191,2.0,1.0,"[-130, -125.9024353, 69.0592346]",182,"[0.5078, 0.5078]"
69.0592346191,2.0,1.0,"[-130, -125.9024353, 69.0592346]",182,"[0.5078, 0.5078]"
-63.9407653809,2.0,1.0,"[-130, -125.9024353, -63.9407654]",49,"[0.5078, 0.5078]"
-63.9407653809,2.0,1.0,"[-130, -125.9024353, -63.9407654]",49,"[0.5078, 0.5078]"
-45.9407653809,2.0,1.0,"[-130, -125.9024353, -45.9407654]",67,"[0.5078, 0.5078]"
-45.9407653809,2.0,1.0,"[-130, -125.9024353, -45.9407654]",67,"[0.5078, 0.5078]"
-0.9407653809,2.0,1.0,"[-130, -125.9024353, -0.940765381]",112,"[0.5078, 0.5078]"
-0.9407653809,2.0,1.0,"[-130, -125.9024353, -0.940765381]",112,"[0.5078, 0.5078]"
9.0592346191,2.0,1.0,"[-130, -125.9024353, 9.05923462]",122,"[0.5078, 0.5078]"
9.0592346191,2.0,1.0,"[-130, -125.9024353, 9.05923462]",122,"[0.5078, 0.5078]"
-36.9407653809,2.0,1.0,"[-130, -125.9024353, -36.9407654]",76,"[0.5078, 0.5078]"
-36.9407653809,2.0,1.0,"[-130, -125.9024353, -36.9407654]",76,"[0.5078, 0.5078]"
33.0592346191,2.0,1.0,"[-130, -125.9024353, 33.0592346]",146,"[0.5078, 0.5078]"
33.0592346191,2.0,1.0,"[-130, -125.9024353, 33.0592346]",146,"[0.5078, 0.5078]"
-108.9407653809,2.0,1.0,"[-130, -125.9024353, -108.940765]",4,"[0.5078, 0.5078]"
-108.9407653809,2.0,1.0,"[-130, -125.9024353, -108.940765]",4,"[0.5078, 0.5078]"
6.0592346191,2.0,1.0,"[-130, -125.9024353, 6.05923462]",119,"[0.5078, 0.5078]"
6.0592346191,2.0,1.0,"[-130, -125.9024353, 6.05923462]",119,"[0.5078, 0.5078]"
76.0592346191,2.0,1.0,"[-130, -125.9024353, 76.0592346]",189,"[0.5078, 0.5078]"
76.0592346191,2.0,1.0,"[-130, -125.9024353, 76.0592346]",189,"[0.5078, 0.5078]"
-37.9407653809,2.0,1.0,"[-130, -125.9024353, -37.9407654]",75,"[0.5078, 0.5078]"
-37.9407653809,2.0,1.0,"[-130, -125.9024353, -37.9407654]",75,"[0.5078, 0.5078]"
-67.9407653809,2.0,1.0,"[-130, -125.9024353, -67.9407654]",45,"[0.5078, 0.5078]"
-67.9407653809,2.0,1.0,"[-130, -125.9024353, -67.9407654]",45,"[0.5078, 0.5078]"
65.0592346191,2.0,1.0,"[-130, -125.9024353, 65.0592346]",178,"[0.5078, 0.5078]"
65.0592346191,2.0,1.0,"[-130, -125.9024353, 65.0592346]",178,"[0.5078, 0.5078]"
-86.9407653809,2.0,1.0,"[-130, -125.9024353, -86.9407654]",26,"[0.5078, 0.5078]"
-86.9407653809,2.0,1.0,"[-130, -125.9024353, -86.9407654]",26,"[0.5078, 0.5078]"
-15.9407653809,2.0,1.0,"[-130, -125.9024353, -15.9407654]",97,"[0.5078, 0.5078]"
-15.9407653809,2.0,1.0,"[-130, -125.9024353, -15.9407654]",97,"[0.5078, 0.5078]"
21.0592346191,2.0,1.0,"[-130, -125.9024353, 21.0592346]",134,"[0.5078, 0.5078]"
21.0592346191,2.0,1.0,"[-130, -125.9024353, 21.0592346]",134,"[0.5078, 0.5078]"
-4.9407653809,2.0,1.0,"[-130, -125.9024353, -4.94076538]",108,"[0.5078, 0.5078]"
-4.9407653809,2.0,1.0,"[-130, -125.9024353, -4.94076538]",108,"[0.5078, 0.5078]"
88.0592346191,2.0,1.0,"[-130, -125.9024353, 88.0592346]",201,"[0.5078, 0.5078]"
88.0592346191,2.0,1.0,"[-130, -125.9024353, 88.0592346]",201,"[0.5078, 0.5078]"
-3.9407653809,2.0,1.0,"[-130, -125.9024353, -3.94076538]",109,"[0.5078, 0.5078]"
-3.9407653809,2.0,1.0,"[-130, -125.9024353, -3.94076538]",109,"[0.5078, 0.5078]"
7.0592346191,2.0,1.0,"[-130, -125.9024353, 7.05923462]",120,"[0.5078, 0.5078]"
7.0592346191,2.0,1.0,"[-130, -125.9024353, 7.05923462]",120,"[0.5078, 0.5078]"
62.0592346191,2.0,1.0,"[-130, -125.9024353, 62.0592346]",175,"[0.5078, 0.5078]"
62.0592346191,2.0,1.0,"[-130, -125.9024353, 62.0592346]",175,"[0.5078, 0.5078]"
-82.9407653809,2.0,1.0,"[-130, -125.9024353, -82.9407654]",30,"[0.5078, 0.5078]"
-82.9407653809,2.0,1.0,"[-130, -125.9024353, -82.9407654]",30,"[0.5078, 0.5078]"
-81.9407653809,2.0,1.0,"[-130, -125.9024353, -81.9407654]",31,"[0.5078, 0.5078]"
-81.9407653809,2.0,1.0,"[-130, -125.9024353, -81.9407654]",31,"[0.5078, 0.5078]"
-89.9407653809,2.0,1.0,"[-130, -125.9024353, -89.9407654]",23,"[0.5078, 0.5078]"
-89.9407653809,2.0,1.0,"[-130, -125.9024353, -89.9407654]",23,"[0.5078, 0.5078]"
20.0592346191,2.0,1.0,"[-130, -125.9024353, 20.0592346]",133,"[0.5078, 0.5078]"
20.0592346191,2.0,1.0,"[-130, -125.9024353, 20.0592346]",133,"[0.5078, 0.5078]"
27.0592346191,2.0,1.0,"[-130, -125.9024353, 27.0592346]",140,"[0.5078, 0.5078]"
27.0592346191,2.0,1.0,"[-130, -125.9024353, 27.0592346]",140,"[0.5078, 0.5078]"
49.0592346191,2.0,1.0,"[-130, -125.9024353, 49.0592346]",162,"[0.5078, 0.5078]"
49.0592346191,2.0,1.0,"[-130, -125.9024353, 49.0592346]",162,"[0.5078, 0.5078]"
32.0592346191,2.0,1.0,"[-130, -125.9024353, 32.0592346]",145,"[0.5078, 0.5078]"
32.0592346191,2.0,1.0,"[-130, -125.9024353, 32.0592346]",145,"[0.5078, 0.5078]"
-106.9407653809,2.0,1.0,"[-130, -125.9024353, -106.940765]",6,"[0.5078, 0.5078]"
-106.9407653809,2.0,1.0,"[-130, -125.9024353, -106.940765]",6,"[0.5078, 0.5078]"
-10.9407653809,2.0,1.0,"[-130, -125.9024353, -10.9407654]",102,"[0.5078, 0.5078]"
-10.9407653809,2.0,1.0,"[-130, -125.9024353, -10.9407654]",102,"[0.5078, 0.5078]"
40.0592346191,2.0,1.0,"[-130, -125.9024353, 40.0592346]",153,"[0.5078, 0.5078]"
40.0592346191,2.0,1.0,"[-130, -125.9024353, 40.0592346]",153,"[0.5078, 0.5078]"
70.0592346191,2.0,1.0,"[-130, -125.9024353, 70.0592346]",183,"[0.5078, 0.5078]"
70.0592346191,2.0,1.0,"[-130, -125.9024353, 70.0592346]",183,"[0.5078, 0.5078]"
35.0592346191,2.0,1.0,"[-130, -125.9024353, 35.0592346]",148,"[0.5078, 0.5078]"
35.0592346191,2.0,1.0,"[-130, -125.9024353, 35.0592346]",148,"[0.5078, 0.5078]"
-24.9407653809,2.0,1.0,"[-130, -125.9024353, -24.9407654]",88,"[0.5078, 0.5078]"
-24.9407653809,2.0,1.0,"[-130, -125.9024353, -24.9407654]",88,"[0.5078, 0.5078]"
-12.9407653809,2.0,1.0,"[-130, -125.9024353, -12.9407654]",100,"[0.5078, 0.5078]"
-12.9407653809,2.0,1.0,"[-130, -125.9024353, -12.9407654]",100,"[0.5078, 0.5078]"
11.0592346191,2.0,1.0,"[-130, -125.9024353, 11.0592346]",124,"[0.5078, 0.5078]"
11.0592346191,2.0,1.0,"[-130, -125.9024353, 11.0592346]",124,"[0.5078, 0.5078]"
2.0592346191,2.0,1.0,"[-130, -125.9024353, 2.05923462]",115,"[0.5078, 0.5078]"
2.0592346191,2.0,1.0,"[-130, -125.9024353, 2.05923462]",115,"[0.5078, 0.5078]"
-26.9407653809,2.0,1.0,"[-130, -125.9024353, -26.9407654]",86,"[0.5078, 0.5078]"
-26.9407653809,2.0,1.0,"[-130, -125.9024353, -26.9407654]",86,"[0.5078, 0.5078]"
71.0592346191,2.0,1.0,"[-130, -125.9024353, 71.0592346]",184,"[0.5078, 0.5078]"
71.0592346191,2.0,1.0,"[-130, -125.9024353, 71.0592346]",184,"[0.5078, 0.5078]"
95.0592346191,2.0,1.0,"[-130, -125.9024353, 95.0592346]",208,"[0.5078, 0.5078]"
95.0592346191,2.0,1.0,"[-130, -125.9024353, 95.0592346]",208,"[0.5078, 0.5078]"
-110.9407653809,2.0,1.0,"[-130, -125.9024353, -110.940765]",2,"[0.5078, 0.5078]"
-110.9407653809,2.0,1.0,"[-130, -125.9024353, -110.940765]",2,"[0.5078, 0.5078]"
-16.9407653809,2.0,1.0,"[-130, -125.9024353, -16.9407654]",96,"[0.5078, 0.5078]"
-16.9407653809,2.0,1.0,"[-130, -125.9024353, -16.9407654]",96,"[0.5078, 0.5078]"
37.0592346191,2.0,1.0,"[-130, -125.9024353, 37.0592346]",150,"[0.5078, 0.5078]"
37.0592346191,2.0,1.0,"[-130, -125.9024353, 37.0592346]",150,"[0.5078, 0.5078]"
-40.9407653809,2.0,1.0,"[-130, -125.9024353, -40.9407654]",72,"[0.5078, 0.5078]"
-40.9407653809,2.0,1.0,"[-130, -125.9024353, -40.9407654]",72,"[0.5078, 0.5078]"
-66.9407653809,2.0,1.0,"[-130, -125.9024353, -66.9407654]",46,"[0.5078, 0.5078]"
-66.9407653809,2.0,1.0,"[-130, -125.9024353, -66.9407654]",46,"[0.5078, 0.5078]"
18.0592346191,2.0,1.0,"[-130, -125.9024353, 18.0592346]",131,"[0.5078, 0.5078]"
18.0592346191,2.0,1.0,"[-130, -125.9024353, 18.0592346]",131,"[0.5078, 0.5078]"
82.0592346191,2.0,1.0,"[-130, -125.9024353, 82.0592346]",195,"[0.5078, 0.5078]"
82.0592346191,2.0,1.0,"[-130, -125.9024353, 82.0592346]",195,"[0.5078, 0.5078]"
-109.9407653809,2.0,1.0,"[-130, -125.9024353, -109.940765]",3,"[0.5078, 0.5078]"
-109.9407653809,2.0,1.0,"[-130, -125.9024353, -109.940765]",3,"[0.5078, 0.5078]"
-7.9407653809,2.0,1.0,"[-130, -125.9024353, -7.94076538]",105,"[0.5078, 0.5078]"
-7.9407653809,2.0,1.0,"[-130, -125.9024353, -7.94076538]",105,"[0.5078, 0.5078]"
-32.9407653809,2.0,1.0,"[-130, -125.9024353, -32.9407654]",80,"[0.5078, 0.5078]"
-32.9407653809,2.0,1.0,"[-130, -125.9024353, -32.9407654]",80,"[0.5078, 0.5078]"
13.0592346191,2.0,1.0,"[-130, -125.9024353, 13.0592346]",126,"[0.5078, 0.5078]"
13.0592346191,2.0,1.0,"[-130, -125.9024353, 13.0592346]",126,"[0.5078, 0.5078]"
-20.9407653809,2.0,1.0,"[-130, -125.9024353, -20.9407654]",92,"[0.5078, 0.5078]"
-20.9407653809,2.0,1.0,"[-130, -125.9024353, -20.9407654]",92,"[0.5078, 0.5078]"
45.0592346191,2.0,1.0,"[-130, -125.9024353, 45.0592346]",158,"[0.5078, 0.5078]"
45.0592346191,2.0,1.0,"[-130, -125.9024353, 45.0592346]",158,"[0.5078, 0.5078]"
93.0592346191,2.0,1.0,"[-130, -125.9024353, 93.0592346]",206,"[0.5078, 0.5078]"
93.0592346191,2.0,1.0,"[-130, -125.9024353, 93.0592346]",206,"[0.5078, 0.5078]"
96.0592346191,2.0,1.0,"[-130, -125.9024353, 96.0592346]",209,"[0.5078, 0.5078]"
96.0592346191,2.0,1.0,"[-130, -125.9024353, 96.0592346]",209,"[0.5078, 0.5078]"
-2.9407653809,2.0,1.0,"[-130, -125.9024353, -2.94076538]",110,"[0.5078, 0.5078]"
-2.9407653809,2.0,1.0,"[-130, -125.9024353, -2.94076538]",110,"[0.5078, 0.5078]"
-1.9407653809,2.0,1.0,"[-130, -125.9024353, -1.94076538]",111,"[0.5078, 0.5078]"
-1.9407653809,2.0,1.0,"[-130, -125.9024353, -1.94076538]",111,"[0.5078, 0.5078]"
51.0592346191,2.0,1.0,"[-130, -125.9024353, 51.0592346]",164,"[0.5078, 0.5078]"
51.0592346191,2.0,1.0,"[-130, -125.9024353, 51.0592346]",164,"[0.5078, 0.5078]"
-56.9407653809,2.0,1.0,"[-130, -125.9024353, -56.9407654]",56,"[0.5078, 0.5078]"
-56.9407653809,2.0,1.0,"[-130, -125.9024353, -56.9407654]",56,"[0.5078, 0.5078]"
31.0592346191,2.0,1.0,"[-130, -125.9024353, 31.0592346]",144,"[0.5078, 0.5078]"
31.0592346191,2.0,1.0,"[-130, -125.9024353, 31.0592346]",144,"[0.5078, 0.5078]"
15.0592346191,2.0,1.0,"[-130, -125.9024353, 15.0592346]",128,"[0.5078, 0.5078]"
15.0592346191,2.0,1.0,"[-130, -125.9024353, 15.0592346]",128,"[0.5078, 0.5078]"
79.0592346191,2.0,1.0,"[-130, -125.9024353, 79.0592346]",192,"[0.5078, 0.5078]"
79.0592346191,2.0,1.0,"[-130, -125.9024353, 79.0592346]",192,"[0.5078, 0.5078]"
-52.9407653809,2.0,1.0,"[-130, -125.9024353, -52.9407654]",60,"[0.5078, 0.5078]"
-52.9407653809,2.0,1.0,"[-130, -125.9024353, -52.9407654]",60,"[0.5078, 0.5078]"
-51.9407653809,2.0,1.0,"[-130, -125.9024353, -51.9407654]",61,"[0.5078, 0.5078]"
-51.9407653809,2.0,1.0,"[-130, -125.9024353, -51.9407654]",61,"[0.5078, 0.5078]"
-98.9407653809,2.0,1.0,"[-130, -125.9024353, -98.9407654]",14,"[0.5078, 0.5078]"
-98.9407653809,2.0,1.0,"[-130, -125.9024353, -98.9407654]",14,"[0.5078, 0.5078]"
-59.9407653809,2.0,1.0,"[-130, -125.9024353, -59.9407654]",53,"[0.5078, 0.5078]"
-59.9407653809,2.0,1.0,"[-130, -125.9024353, -59.9407654]",53,"[0.5078, 0.5078]"
-69.9407653809,2.0,1.0,"[-130, -125.9024353, -69.9407654]",43,"[0.5078, 0.5078]"
-69.9407653809,2.0,1.0,"[-130, -125.9024353, -69.9407654]",43,"[0.5078, 0.5078]"
-61.9407653809,2.0,1.0,"[-130, -125.9024353, -61.9407654]",51,"[0.5078, 0.5078]"
-61.9407653809,2.0,1.0,"[-130, -125.9024353, -61.9407654]",51,"[0.5078, 0.5078]"
0.0592346191,2.0,1.0,"[-130, -125.9024353, 0.0592346191]",113,"[0.5078, 0.5078]"
0.0592346191,2.0,1.0,"[-130, -125.9024353, 0.0592346191]",113,"[0.5078, 0.5078]"
-91.9407653809,2.0,1.0,"[-130, -125.9024353, -91.9407654]",21,"[0.5078, 0.5078]"
-91.9407653809,2.0,1.0,"[-130, -125.9024353, -91.9407654]",21,"[0.5078, 0.5078]"
12.0592346191,2.0,1.0,"[-130, -125.9024353, 12.0592346]",125,"[0.5078, 0.5078]"
12.0592346191,2.0,1.0,"[-130, -125.9024353, 12.0592346]",125,"[0.5078, 0.5078]"
14.0592346191,2.0,1.0,"[-130, -125.9024353, 14.0592346]",127,"[0.5078, 0.5078]"
14.0592346191,2.0,1.0,"[-130, -125.9024353, 14.0592346]",127,"[0.5078, 0.5078]"
38.0592346191,2.0,1.0,"[-130, -125.9024353, 38.0592346]",151,"[0.5078, 0.5078]"
38.0592346191,2.0,1.0,"[-130, -125.9024353, 38.0592346]",151,"[0.5078, 0.5078]"
-105.9407653809,2.0,1.0,"[-130, -125.9024353, -105.940765]",7,"[0.5078, 0.5078]"
-105.9407653809,2.0,1.0,"[-130, -125.9024353, -105.940765]",7,"[0.5078, 0.5078]"
90.0592346191,2.0,1.0,"[-130, -125.9024353, 90.0592346]",203,"[0.5078, 0.5078]"
90.0592346191,2.0,1.0,"[-130, -125.9024353, 90.0592346]",203,"[0.5078, 0.5078]"
-9.9407653809,2.0,1.0,"[-130, -125.9024353, -9.94076538]",103,"[0.5078, 0.5078]"
-9.9407653809,2.0,1.0,"[-130, -125.9024353, -9.94076538]",103,"[0.5078, 0.5078]"
-49.9407653809,2.0,1.0,"[-130, -125.9024353, -49.9407654]",63,"[0.5078, 0.5078]"
-49.9407653809,2.0,1.0,"[-130, -125.9024353, -49.9407654]",63,"[0.5078, 0.5078]"
56.0592346191,2.0,1.0,"[-130, -125.9024353, 56.0592346]",169,"[0.5078, 0.5078]"
56.0592346191,2.0,1.0,"[-130, -125.9024353, 56.0592346]",169,"[0.5078, 0.5078]"
25.0592346191,2.0,1.0,"[-130, -125.9024353, 25.0592346]",138,"[0.5078, 0.5078]"
25.0592346191,2.0,1.0,"[-130, -125.9024353, 25.0592346]",138,"[0.5078, 0.5078]"
-22.9407653809,2.0,1.0,"[-130, -125.9024353, -22.9407654]",90,"[0.5078, 0.5078]"
-22.9407653809,2.0,1.0,"[-130, -125.9024353, -22.9407654]",90,"[0.5078, 0.5078]"
-77.9407653809,2.0,1.0,"[-130, -125.9024353, -77.9407654]",35,"[0.5078, 0.5078]"
-77.9407653809,2.0,1.0,"[-130, -125.9024353, -77.9407654]",35,"[0.5078, 0.5078]"
-62.9407653809,2.0,1.0,"[-130, -125.9024353, -62.9407654]",50,"[0.5078, 0.5078]"
-62.9407653809,2.0,1.0,"[-130, -125.9024353, -62.9407654]",50,"[0.5078, 0.5078]"
99.0592346191,2.0,1.0,"[-130, -125.9024353, 99.0592346]",212,"[0.5078, 0.5078]"
99.0592346191,2.0,1.0,"[-130, -125.9024353, 99.0592346]",212,"[0.5078, 0.5078]"
53.0592346191,2.0,1.0,"[-130, -125.9024353, 53.0592346]",166,"[0.5078, 0.5078]"
53.0592346191,2.0,1.0,"[-130, -125.9024353, 53.0592346]",166,"[0.5078, 0.5078]"
-44.9407653809,2.0,1.0,"[-130, -125.9024353, -44.9407654]",68,"[0.5078, 0.5078]"
-44.9407653809,2.0,1.0,"[-130, -125.9024353, -44.9407654]",68,"[0.5078, 0.5078]"
-28.9407653809,2.0,1.0,"[-130, -125.9024353, -28.9407654]",84,"[0.5078, 0.5078]"
-28.9407653809,2.0,1.0,"[-130, -125.9024353, -28.9407654]",84,"[0.5078, 0.5078]"
-64.9407653809,2.0,1.0,"[-130, -125.9024353, -64.9407654]",48,"[0.5078, 0.5078]"
-64.9407653809,2.0,1.0,"[-130, -125.9024353, -64.9407654]",48,"[0.5078, 0.5078]"
-92.9407653809,2.0,1.0,"[-130, -125.9024353, -92.9407654]",20,"[0.5078, 0.5078]"
-92.9407653809,2.0,1.0,"[-130, -125.9024353, -92.9407654]",20,"[0.5078, 0.5078]"
-42.9407653809,2.0,1.0,"[-130, -125.9024353, -42.9407654]",70,"[0.5078, 0.5078]"
-42.9407653809,2.0,1.0,"[-130, -125.9024353, -42.9407654]",70,"[0.5078, 0.5078]"
43.0592346191,2.0,1.0,"[-130, -125.9024353, 43.0592346]",156,"[0.5078, 0.5078]"
43.0592346191,2.0,1.0,"[-130, -125.9024353, 43.0592346]",156,"[0.5078, 0.5078]"
80.0592346191,2.0,1.0,"[-130, -125.9024353, 80.0592346]",193,"[0.5078, 0.5078]"
80.0592346191,2.0,1.0,"[-130, -125.9024353, 80.0592346]",193,"[0.5078, 0.5078]"
92.0592346191,2.0,1.0,"[-130, -125.9024353, 92.0592346]",205,"[0.5078, 0.5078]"
92.0592346191,2.0,1.0,"[-130, -125.9024353, 92.0592346]",205,"[0.5078, 0.5078]"
-90.9407653809,2.0,1.0,"[-130, -125.9024353, -90.9407654]",22,"[0.5078, 0.5078]"
-90.9407653809,2.0,1.0,"[-130, -125.9024353, -90.9407654]",22,"[0.5078, 0.5078]"
-18.9407653809,2.0,1.0,"[-130, -125.9024353, -18.9407654]",94,"[0.5078, 0.5078]"
-18.9407653809,2.0,1.0,"[-130, -125.9024353, -18.9407654]",94,"[0.5078, 0.5078]"
8.0592346191,2.0,1.0,"[-130, -125.9024353, 8.05923462]",121,"[0.5078, 0.5078]"
8.0592346191,2.0,1.0,"[-130, -125.9024353, 8.05923462]",121,"[0.5078, 0.5078]"
-111.9407653809,2.0,1.0,"[-130, -125.9024353, -111.940765]",1,"[0.5078, 0.5078]"
-111.9407653809,2.0,1.0,"[-130, -125.9024353, -111.940765]",1,"[0.5078, 0.5078]"
30.0592346191,2.0,1.0,"[-130, -125.9024353, 30.0592346]",143,"[0.5078, 0.5078]"
30.0592346191,2.0,1.0,"[-130, -125.9024353, 30.0592346]",143,"[0.5078, 0.5078]"
-65.9407653809,2.0,1.0,"[-130, -125.9024353, -65.9407654]",47,"[0.5078, 0.5078]"
-65.9407653809,2.0,1.0,"[-130, -125.9024353, -65.9407654]",47,"[0.5078, 0.5078]"
73.0592346191,2.0,1.0,"[-130, -125.9024353, 73.0592346]",186,"[0.5078, 0.5078]"
73.0592346191,2.0,1.0,"[-130, -125.9024353, 73.0592346]",186,"[0.5078, 0.5078]"
-68.9407653809,2.0,1.0,"[-130, -125.9024353, -68.9407654]",44,"[0.5078, 0.5078]"
-68.9407653809,2.0,1.0,"[-130, -125.9024353, -68.9407654]",44,"[0.5078, 0.5078]"
-85.9407653809,2.0,1.0,"[-130, -125.9024353, -85.9407654]",27,"[0.5078, 0.5078]"
-85.9407653809,2.0,1.0,"[-130, -125.9024353, -85.9407654]",27,"[0.5078, 0.5078]"
-33.9407653809,2.0,1.0,"[-130, -125.9024353, -33.9407654]",79,"[0.5078, 0.5078]"
-33.9407653809,2.0,1.0,"[-130, -125.9024353, -33.9407654]",79,"[0.5078, 0.5078]"
-23.9407653809,2.0,1.0,"[-130, -125.9024353, -23.9407654]",89,"[0.5078, 0.5078]"
-23.9407653809,2.0,1.0,"[-130, -125.9024353, -23.9407654]",89,"[0.5078, 0.5078]"
54.0592346191,2.0,1.0,"[-130, -125.9024353, 54.0592346]",167,"[0.5078, 0.5078]"
54.0592346191,2.0,1.0,"[-130, -125.9024353, 54.0592346]",167,"[0.5078, 0.5078]"
75.0592346191,2.0,1.0,"[-130, -125.9024353, 75.0592346]",188,"[0.5078, 0.5078]"
75.0592346191,2.0,1.0,"[-130, -125.9024353, 75.0592346]",188,"[0.5078, 0.5078]"
-35.9407653809,2.0,1.0,"[-130, -125.9024353, -35.9407654]",77,"[0.5078, 0.5078]"
-35.9407653809,2.0,1.0,"[-130, -125.9024353, -35.9407654]",77,"[0.5078, 0.5078]"
-21.9407653809,2.0,1.0,"[-130, -125.9024353, -21.9407654]",91,"[0.5078, 0.5078]"
-21.9407653809,2.0,1.0,"[-130, -125.9024353, -21.9407654]",91,"[0.5078, 0.5078]"
-13.9407653809,2.0,1.0,"[-130, -125.9024353, -13.9407654]",99,"[0.5078, 0.5078]"
-13.9407653809,2.0,1.0,"[-130, -125.9024353, -13.9407654]",99,"[0.5078, 0.5078]"
77.0592346191,2.0,1.0,"[-130, -125.9024353, 77.0592346]",190,"[0.5078, 0.5078]"
77.0592346191,2.0,1.0,"[-130, -125.9024353, 77.0592346]",190,"[0.5078, 0.5078]"
-25.9407653809,2.0,1.0,"[-130, -125.9024353, -25.9407654]",87,"[0.5078, 0.5078]"
-25.9407653809,2.0,1.0,"[-130, -125.9024353, -25.9407654]",87,"[0.5078, 0.5078]"
-104.9407653809,2.0,1.0,"[-130, -125.9024353, -104.940765]",8,"[0.5078, 0.5078]"
-104.9407653809,2.0,1.0,"[-130, -125.9024353, -104.940765]",8,"[0.5078, 0.5078]"
-29.9407653809,2.0,1.0,"[-130, -125.9024353, -29.9407654]",83,"[0.5078, 0.5078]"
-29.9407653809,2.0,1.0,"[-130, -125.9024353, -29.9407654]",83,"[0.5078, 0.5078]"
81.0592346191,2.0,1.0,"[-130, -125.9024353, 81.0592346]",194,"[0.5078, 0.5078]"
81.0592346191,2.0,1.0,"[-130, -125.9024353, 81.0592346]",194,"[0.5078, 0.5078]"
-43.9407653809,2.0,1.0,"[-130, -125.9024353, -43.9407654]",69,"[0.5078, 0.5078]"
-43.9407653809,2.0,1.0,"[-130, -125.9024353, -43.9407654]",69,"[0.5078, 0.5078]"
68.0592346191,2.0,1.0,"[-130, -125.9024353, 68.0592346]",181,"[0.5078, 0.5078]"
68.0592346191,2.0,1.0,"[-130, -125.9024353, 68.0592346]",181,"[0.5078, 0.5078]"
83.0592346191,2.0,1.0,"[-130, -125.9024353, 83.0592346]",196,"[0.5078, 0.5078]"
83.0592346191,2.0,1.0,"[-130, -125.9024353, 83.0592346]",196,"[0.5078, 0.5078]"
-34.9407653809,2.0,1.0,"[-130, -125.9024353, -34.9407654]",78,"[0.5078, 0.5078]"
-34.9407653809,2.0,1.0,"[-130, -125.9024353, -34.9407654]",78,"[0.5078, 0.5078]"
-41.9407653809,2.0,1.0,"[-130, -125.9024353, -41.9407654]",71,"[0.5078, 0.5078]"
-41.9407653809,2.0,1.0,"[-130, -125.9024353, -41.9407654]",71,"[0.5078, 0.5078]"
97.0592346191,2.0,1.0,"[-130, -125.9024353, 97.0592346]",210,"[0.5078, 0.5078]"
97.0592346191,2.0,1.0,"[-130, -125.9024353, 97.0592346]",210,"[0.5078, 0.5078]"
89.0592346191,2.0,1.0,"[-130, -125.9024353, 89.0592346]",202,"[0.5078, 0.5078]"
89.0592346191,2.0,1.0,"[-130, -125.9024353, 89.0592346]",202,"[0.5078, 0.5078]"
-8.9407653809,2.0,1.0,"[-130, -125.9024353, -8.94076538]",104,"[0.5078, 0.5078]"
-8.9407653809,2.0,1.0,"[-130, -125.9024353, -8.94076538]",104,"[0.5078, 0.5078]"
-70.9407653809,2.0,1.0,"[-130, -125.9024353, -70.9407654]",42,"[0.5078, 0.5078]"
-70.9407653809,2.0,1.0,"[-130, -125.9024353, -70.9407654]",42,"[0.5078, 0.5078]"
41.0592346191,2.0,1.0,"[-130, -125.9024353, 41.0592346]",154,"[0.5078, 0.5078]"
41.0592346191,2.0,1.0,"[-130, -125.9024353, 41.0592346]",154,"[0.5078, 0.5078]"
91.0592346191,2.0,1.0,"[-130, -125.9024353, 91.0592346]",204,"[0.5078, 0.5078]"
91.0592346191,2.0,1.0,"[-130, -125.9024353, 91.0592346]",204,"[0.5078, 0.5078]"
-101.9407653809,2.0,1.0,"[-130, -125.9024353, -101.940765]",11,"[0.5078, 0.5078]"
-101.9407653809,2.0,1.0,"[-130, -125.9024353, -101.940765]",11,"[0.5078, 0.5078]"
28.0592346191,2.0,1.0,"[-130, -125.9024353, 28.0592346]",141,"[0.5078, 0.5078]"
28.0592346191,2.0,1.0,"[-130, -125.9024353, 28.0592346]",141,"[0.5078, 0.5078]"
66.0592346191,2.0,1.0,"[-130, -125.9024353, 66.0592346]",179,"[0.5078, 0.5078]"
66.0592346191,2.0,1.0,"[-130, -125.9024353, 66.0592346]",179,"[0.5078, 0.5078]"
-87.9407653809,2.0,1.0,"[-130, -125.9024353, -87.9407654]",25,"[0.5078, 0.5078]"
-87.9407653809,2.0,1.0,"[-130, -125.9024353, -87.9407654]",25,"[0.5078, 0.5078]"
